bits,components,kind,stage,packet_layers,discard,stored_bytes,delivered_bytes,entropy_bytes,coefficients,passes,synthesis_samples,entropy_us,synthesis_us,decode_us,rmse,peak,object_rmse,faint_rmse,input_sha256
11,1,multi_ht,0,1,0,113924,18242,18048,65152,22,87296,362,427,1224,12.480420,60,28.852113,9.170484,1b121b1cfad1ec31ae64d70e4ea8362501cc83fcb39f457c7609041e8f927e99
11,1,multi_ht,1,5,0,113924,56668,38249,65536,25,87296,378,416,1239,3.203830,15,4.690416,3.417276,1b121b1cfad1ec31ae64d70e4ea8362501cc83fcb39f457c7609041e8f927e99
11,1,multi_ht,2,9,0,113924,113924,57067,65536,25,87296,380,440,1270,0.750630,3,0.471405,0.694222,1b121b1cfad1ec31ae64d70e4ea8362501cc83fcb39f457c7609041e8f927e99
11,1,two_ht,0,1,0,75652,18242,18048,65152,22,87296,352,418,1187,12.480420,60,28.852113,9.170484,1b121b1cfad1ec31ae64d70e4ea8362501cc83fcb39f457c7609041e8f927e99
11,1,two_ht,1,9,0,75652,75652,57067,65536,25,87296,376,425,1245,0.750630,3,0.471405,0.694222,1b121b1cfad1ec31ae64d70e4ea8362501cc83fcb39f457c7609041e8f927e99
11,1,part1,0,1,0,53863,16554,16362,65152,187,87296,3647,459,4526,12.480420,60,28.852113,9.170484,1b121b1cfad1ec31ae64d70e4ea8362501cc83fcb39f457c7609041e8f927e99
11,1,part1,1,2,0,53863,35810,35545,65536,331,87296,7002,450,7882,3.203830,15,4.690416,3.417276,1b121b1cfad1ec31ae64d70e4ea8362501cc83fcb39f457c7609041e8f927e99
11,1,part1,2,3,0,53863,53863,53529,65536,481,87296,9079,441,9957,0.750630,3,0.471405,0.694222,1b121b1cfad1ec31ae64d70e4ea8362501cc83fcb39f457c7609041e8f927e99
11,1,resolution,0,1,2,57287,2830,2669,4096,10,5376,15,16,59,32.132425,421,123.013098,18.958998,1b121b1cfad1ec31ae64d70e4ea8362501cc83fcb39f457c7609041e8f927e99
11,1,resolution,1,1,1,57287,12523,12347,16384,13,21760,78,73,249,23.382049,354,100.226410,17.813127,1b121b1cfad1ec31ae64d70e4ea8362501cc83fcb39f457c7609041e8f927e99
11,1,resolution,2,1,0,57287,57287,57067,65536,25,87296,371,416,1206,0.750630,3,0.471405,0.694222,1b121b1cfad1ec31ae64d70e4ea8362501cc83fcb39f457c7609041e8f927e99
11,3,multi_ht,0,1,0,341871,54650,54306,195456,66,261888,1065,1274,3621,12.177430,63,18.910119,10.186570,1255c7e986325af55e5fc61861e50c69c5517844bfd6ae374d07de80d2275529
11,3,multi_ht,1,5,0,341871,170272,115090,196608,75,261888,1131,1251,3701,3.134299,16,3.067150,3.337622,1255c7e986325af55e5fc61861e50c69c5517844bfd6ae374d07de80d2275529
11,3,multi_ht,2,9,0,341871,341871,171032,196608,75,261888,1259,1409,4187,0.738502,3,0.272166,0.721431,1255c7e986325af55e5fc61861e50c69c5517844bfd6ae374d07de80d2275529
11,3,two_ht,0,1,0,226711,54650,54306,195456,66,261888,1063,1250,3568,12.177430,63,18.910119,10.186570,1255c7e986325af55e5fc61861e50c69c5517844bfd6ae374d07de80d2275529
11,3,two_ht,1,9,0,226711,226711,171032,196608,75,261888,1117,1255,3703,0.738502,3,0.272166,0.721431,1255c7e986325af55e5fc61861e50c69c5517844bfd6ae374d07de80d2275529
11,3,part1,0,1,0,160538,49420,49063,195456,552,261888,10836,1303,13398,12.177430,63,18.910119,10.186570,1255c7e986325af55e5fc61861e50c69c5517844bfd6ae374d07de80d2275529
11,3,part1,1,2,0,160538,106773,106198,196608,984,261888,20828,1312,23400,3.134299,16,3.067150,3.337622,1255c7e986325af55e5fc61861e50c69c5517844bfd6ae374d07de80d2275529
11,3,part1,2,3,0,160538,160538,159756,196608,1434,261888,27019,1307,29619,0.738502,3,0.272166,0.721431,1255c7e986325af55e5fc61861e50c69c5517844bfd6ae374d07de80d2275529
11,3,resolution,0,1,2,171454,8368,8123,12288,30,16128,68,50,212,32.210306,422,128.586907,19.140869,1255c7e986325af55e5fc61861e50c69c5517844bfd6ae374d07de80d2275529
11,3,resolution,1,1,1,171454,37518,37228,49152,39,65280,287,224,838,23.434382,354,102.613442,17.942831,1255c7e986325af55e5fc61861e50c69c5517844bfd6ae374d07de80d2275529
11,3,resolution,2,1,0,171454,171454,171032,196608,75,261888,1109,1252,3649,0.738502,3,0.272166,0.721431,1255c7e986325af55e5fc61861e50c69c5517844bfd6ae374d07de80d2275529
16,1,multi_ht,0,1,0,157270,18230,18036,65152,22,87296,419,450,1394,389.164129,1890,653.540103,297.296938,775d536495f8b983517c4eaebdde3f565dd528da74fb047b4c866b86d55da20b
16,1,multi_ht,1,5,0,157270,56693,38286,65536,25,87296,438,438,1378,101.430553,377,71.320871,104.137292,775d536495f8b983517c4eaebdde3f565dd528da74fb047b4c866b86d55da20b
16,1,multi_ht,2,19,0,157270,157270,99916,65536,25,87296,500,422,1373,0.654993,2,0.471405,0.664580,775d536495f8b983517c4eaebdde3f565dd528da74fb047b4c866b86d55da20b
16,1,two_ht,0,1,0,118901,18230,18036,65152,22,87296,374,440,1246,389.164129,1890,653.540103,297.296938,775d536495f8b983517c4eaebdde3f565dd528da74fb047b4c866b86d55da20b
16,1,two_ht,1,19,0,118901,118901,99916,65536,25,87296,508,457,1407,0.654993,2,0.471405,0.664580,775d536495f8b983517c4eaebdde3f565dd528da74fb047b4c866b86d55da20b
16,1,part1,0,1,0,97140,16531,16339,65152,187,87296,3687,433,4555,389.164129,1890,653.540103,297.296938,775d536495f8b983517c4eaebdde3f565dd528da74fb047b4c866b86d55da20b
16,1,part1,1,2,0,97140,35825,35560,65536,331,87296,7214,440,8110,101.430553,377,71.320871,104.137292,775d536495f8b983517c4eaebdde3f565dd528da74fb047b4c866b86d55da20b
16,1,part1,2,3,0,97140,97140,96801,65536,856,87296,12589,419,13385,0.654993,2,0.471405,0.664580,775d536495f8b983517c4eaebdde3f565dd528da74fb047b4c866b86d55da20b
16,1,resolution,0,1,2,100154,5662,5491,4096,10,5376,25,16,67,1027.675106,13457,3936.381644,606.277066,775d536495f8b983517c4eaebdde3f565dd528da74fb047b4c866b86d55da20b
16,1,resolution,1,1,1,100154,23442,23253,16384,13,21760,111,74,285,747.783368,11330,3217.215100,569.362578,775d536495f8b983517c4eaebdde3f565dd528da74fb047b4c866b86d55da20b
16,1,resolution,2,1,0,100154,100154,99916,65536,25,87296,484,422,1271,0.654993,2,0.471405,0.664580,775d536495f8b983517c4eaebdde3f565dd528da74fb047b4c866b86d55da20b
16,3,multi_ht,0,1,0,472028,54630,54286,195456,66,261888,1053,1287,3622,384.120868,2127,467.691850,331.395372,eb363af53266c1a193bfbd6697583c6de25af124d37c14de9b05fd93c8230943
16,3,multi_ht,1,5,0,472028,170296,115134,196608,75,261888,1111,1282,3682,99.598077,442,64.265076,99.044356,eb363af53266c1a193bfbd6697583c6de25af124d37c14de9b05fd93c8230943
16,3,multi_ht,2,19,0,472028,472028,299749,196608,75,261888,1441,1292,4066,0.658729,3,0.666667,0.617942,eb363af53266c1a193bfbd6697583c6de25af124d37c14de9b05fd93c8230943
16,3,two_ht,0,1,0,356644,54630,54286,195456,66,261888,1076,1277,3585,384.120868,2127,467.691850,331.395372,eb363af53266c1a193bfbd6697583c6de25af124d37c14de9b05fd93c8230943
16,3,two_ht,1,19,0,356644,356644,299749,196608,75,261888,1452,1286,4070,0.658729,3,0.666667,0.617942,eb363af53266c1a193bfbd6697583c6de25af124d37c14de9b05fd93c8230943
16,3,part1,0,1,0,290245,49356,48999,195456,552,261888,10874,1300,13426,384.120868,2127,467.691850,331.395372,eb363af53266c1a193bfbd6697583c6de25af124d37c14de9b05fd93c8230943
16,3,part1,1,2,0,290245,106743,106168,196608,984,261888,20870,1265,23449,99.598077,442,64.265076,99.044356,eb363af53266c1a193bfbd6697583c6de25af124d37c14de9b05fd93c8230943
16,3,part1,2,3,0,290245,290245,289448,196608,2559,261888,36851,1353,39372,0.658729,3,0.666667,0.617942,eb363af53266c1a193bfbd6697583c6de25af124d37c14de9b05fd93c8230943
16,3,resolution,0,1,2,300225,16856,16581,12288,30,16128,92,49,231,1030.290615,13521,4114.762979,612.369431,eb363af53266c1a193bfbd6697583c6de25af124d37c14de9b05fd93c8230943
16,3,resolution,1,1,1,300225,70330,70001,49152,39,65280,367,227,925,749.446744,11330,3284.047311,573.700072,eb363af53266c1a193bfbd6697583c6de25af124d37c14de9b05fd93c8230943
16,3,resolution,2,1,0,300225,300225,299749,196608,75,261888,1441,1260,3866,0.658729,3,0.666667,0.617942,eb363af53266c1a193bfbd6697583c6de25af124d37c14de9b05fd93c8230943
